name,iso3,iso2,phone_code,capital,currency,currency_symbol,tld,native,region,subregion,latitude,longitude,emoji,emojiU,br,pt,nl,hr,fa,de,es,fr,ja,it
Afghanistan,AFG,AF,93,Kabul,AFN,؋,.af,افغانستان,Asia,Southern Asia,33.0,65.0,🇦🇫,U+1F1E6 U+1F1EB,Afeganistão,Afeganistão,Afghanistan,Afganistan,افغانستان,Afghanistan,Afganistán,Afghanistan,アフガニスタン,Afghanistan
Aland Islands,ALA,AX,+358-18,Mariehamn,EUR,€,.ax,Åland,Europe,Northern Europe,60.116667,19.9,🇦🇽,U+1F1E6 U+1F1FD,Ilhas de Aland,Ilhas de Aland,Ålandeilanden,Ålandski otoci,جزایر الند,Åland,Alandia,Åland,オーランド諸島,Isole Aland
Albania,ALB,AL,355,Tirana,ALL,Lek,.al,Shqipëria,Europe,Southern Europe,41.0,20.0,🇦🇱,U+1F1E6 U+1F1F1,Albânia,Albânia,Albanië,Albanija,آلبانی,Albanien,Albania,Albanie,アルバニア,Albania
Algeria,DZA,DZ,213,Algiers,DZD,دج,.dz,الجزائر,Africa,Northern Africa,28.0,3.0,🇩🇿,U+1F1E9 U+1F1FF,Argélia,Argélia,Algerije,Alžir,الجزایر,Algerien,Argelia,Algérie,アルジェリア,Algeria
American Samoa,ASM,AS,+1-684,Pago Pago,USD,$,.as,American Samoa,Oceania,Polynesia,-14.33333333,-170.0,🇦🇸,U+1F1E6 U+1F1F8,Samoa Americana,Samoa Americana,Amerikaans Samoa,Američka Samoa,ساموآی آمریکا,Amerikanisch-Samoa,Samoa Americana,Samoa américaines,アメリカ領サモア,Samoa Americane
Andorra,AND,AD,376,Andorra la Vella,EUR,€,.ad,Andorra,Europe,Southern Europe,42.5,1.5,🇦🇩,U+1F1E6 U+1F1E9,Andorra,Andorra,Andorra,Andora,آندورا,Andorra,Andorra,Andorre,アンドラ,Andorra
Angola,AGO,AO,244,Luanda,AOA,Kz,.ao,Angola,Africa,Middle Africa,-12.5,18.5,🇦🇴,U+1F1E6 U+1F1F4,Angola,Angola,Angola,Angola,آنگولا,Angola,Angola,Angola,アンゴラ,Angola
Anguilla,AIA,AI,+1-264,The Valley,XCD,$,.ai,Anguilla,Americas,Caribbean,18.25,-63.16666666,🇦🇮,U+1F1E6 U+1F1EE,Anguila,Anguila,Anguilla,Angvila,آنگویلا,Anguilla,Anguilla,Anguilla,アンギラ,Anguilla
Antarctica,ATA,AQ,,,,$,.aq,Antarctica,Polar,,-74.65,4.48,🇦🇶,U+1F1E6 U+1F1F6,Antártida,Antárctida,Antarctica,Antarktika,جنوبگان,Antarktika,Antártida,Antarctique,南極大陸,Antartide
Antigua And Barbuda,ATG,AG,+1-268,St. John's,XCD,$,.ag,Antigua and Barbuda,Americas,Caribbean,17.05,-61.8,🇦🇬,U+1F1E6 U+1F1EC,Antígua e Barbuda,Antígua e Barbuda,Antigua en Barbuda,Antigva i Barbuda,آنتیگوا و باربودا,Antigua und Barbuda,Antigua y Barbuda,Antigua-et-Barbuda,アンティグア・バーブーダ,Antigua e Barbuda
Argentina,ARG,AR,54,Buenos Aires,ARS,$,.ar,Argentina,Americas,South America,-34.0,-64.0,🇦🇷,U+1F1E6 U+1F1F7,Argentina,Argentina,Argentinië,Argentina,آرژانتین,Argentinien,Argentina,Argentine,アルゼンチン,Argentina
Armenia,ARM,AM,374,Yerevan,AMD,֏,.am,Հայաստան,Asia,Western Asia,40.0,45.0,🇦🇲,U+1F1E6 U+1F1F2,Armênia,Arménia,Armenië,Armenija,ارمنستان,Armenien,Armenia,Arménie,アルメニア,Armenia
Aruba,ABW,AW,297,Oranjestad,AWG,ƒ,.aw,Aruba,Americas,Caribbean,12.5,-69.96666666,🇦🇼,U+1F1E6 U+1F1FC,Aruba,Aruba,Aruba,Aruba,آروبا,Aruba,Aruba,Aruba,アルバ,Aruba
Australia,AUS,AU,61,Canberra,AUD,$,.au,Australia,Oceania,Australia and New Zealand,-27.0,133.0,🇦🇺,U+1F1E6 U+1F1FA,Austrália,Austrália,Australië,Australija,استرالیا,Australien,Australia,Australie,オーストラリア,Australia
Austria,AUT,AT,43,Vienna,EUR,€,.at,Österreich,Europe,Western Europe,47.33333333,13.33333333,🇦🇹,U+1F1E6 U+1F1F9,áustria,áustria,Oostenrijk,Austrija,اتریش,Österreich,Austria,Autriche,オーストリア,Austria
Azerbaijan,AZE,AZ,994,Baku,AZN,m,.az,Azərbaycan,Asia,Western Asia,40.5,47.5,🇦🇿,U+1F1E6 U+1F1FF,Azerbaijão,Azerbaijão,Azerbeidzjan,Azerbajdžan,آذربایجان,Aserbaidschan,Azerbaiyán,Azerbaïdjan,アゼルバイジャン,Azerbaijan
Bahamas The,BHS,BS,+1-242,Nassau,BSD,B$,.bs,Bahamas,Americas,Caribbean,24.25,-76.0,🇧🇸,U+1F1E7 U+1F1F8,Bahamas,Baamas,Bahama’s,Bahami,باهاما,Bahamas,Bahamas,Bahamas,バハマ,Bahamas
Bahrain,BHR,BH,973,Manama,BHD,.د.ب,.bh,‏البحرين,Asia,Western Asia,26.0,50.55,🇧🇭,U+1F1E7 U+1F1ED,Bahrein,Barém,Bahrein,Bahrein,بحرین,Bahrain,Bahrein,Bahreïn,バーレーン,Bahrein
Bangladesh,BGD,BD,880,Dhaka,BDT,৳,.bd,Bangladesh,Asia,Southern Asia,24.0,90.0,🇧🇩,U+1F1E7 U+1F1E9,Bangladesh,Bangladeche,Bangladesh,Bangladeš,بنگلادش,Bangladesch,Bangladesh,Bangladesh,バングラデシュ,Bangladesh
Barbados,BRB,BB,+1-246,Bridgetown,BBD,Bds$,.bb,Barbados,Americas,Caribbean,13.16666666,-59.53333333,🇧🇧,U+1F1E7 U+1F1E7,Barbados,Barbados,Barbados,Barbados,باربادوس,Barbados,Barbados,Barbade,バルバドス,Barbados
Belarus,BLR,BY,375,Minsk,BYN,Br,.by,Белару́сь,Europe,Eastern Europe,53.0,28.0,🇧🇾,U+1F1E7 U+1F1FE,Bielorrússia,Bielorrússia,Wit-Rusland,Bjelorusija,بلاروس,Weißrussland,Bielorrusia,Biélorussie,ベラルーシ,Bielorussia
Belgium,BEL,BE,32,Brussels,EUR,€,.be,België,Europe,Western Europe,50.83333333,4.0,🇧🇪,U+1F1E7 U+1F1EA,Bélgica,Bélgica,België,Belgija,بلژیک,Belgien,Bélgica,Belgique,ベルギー,Belgio
Belize,BLZ,BZ,501,Belmopan,BZD,$,.bz,Belize,Americas,Central America,17.25,-88.75,🇧🇿,U+1F1E7 U+1F1FF,Belize,Belize,Belize,Belize,بلیز,Belize,Belice,Belize,ベリーズ,Belize
Benin,BEN,BJ,229,Porto-Novo,XOF,CFA,.bj,Bénin,Africa,Western Africa,9.5,2.25,🇧🇯,U+1F1E7 U+1F1EF,Benin,Benim,Benin,Benin,بنین,Benin,Benín,Bénin,ベナン,Benin
Bermuda,BMU,BM,+1-441,Hamilton,BMD,$,.bm,Bermuda,Americas,Northern America,32.33333333,-64.75,🇧🇲,U+1F1E7 U+1F1F2,Bermudas,Bermudas,Bermuda,Bermudi,برمودا,Bermuda,Bermudas,Bermudes,バミューダ,Bermuda
Bhutan,BTN,BT,975,Thimphu,BTN,Nu.,.bt,ʼbrug-yul,Asia,Southern Asia,27.5,90.5,🇧🇹,U+1F1E7 U+1F1F9,Butão,Butão,Bhutan,Butan,بوتان,Bhutan,Bután,Bhoutan,ブータン,Bhutan
Bolivia,BOL,BO,591,Sucre,BOB,Bs.,.bo,Bolivia,Americas,South America,-17.0,-65.0,🇧🇴,U+1F1E7 U+1F1F4,Bolívia,Bolívia,Bolivia,Bolivija,بولیوی,Bolivien,Bolivia,Bolivie,ボリビア多民族国,Bolivia
"Bonaire, Sint Eustatius and Saba",BES,BQ,599,Kralendijk,USD,$,.an,Caribisch Nederland,Americas,Caribbean,12.15,-68.266667,🇧🇶,U+1F1E7 U+1F1F6,Bonaire,Bonaire,,,بونیر,"Bonaire, Sint Eustatius und Saba",,"Bonaire, Saint-Eustache et Saba",,"Bonaire, Saint-Eustache e Saba"
Bosnia and Herzegovina,BIH,BA,387,Sarajevo,BAM,KM,.ba,Bosna i Hercegovina,Europe,Southern Europe,44.0,18.0,🇧🇦,U+1F1E7 U+1F1E6,Bósnia e Herzegovina,Bósnia e Herzegovina,Bosnië en Herzegovina,Bosna i Hercegovina,بوسنی و هرزگوین,Bosnien und Herzegowina,Bosnia y Herzegovina,Bosnie-Herzégovine,ボスニア・ヘルツェゴビナ,Bosnia ed Erzegovina
Botswana,BWA,BW,267,Gaborone,BWP,P,.bw,Botswana,Africa,Southern Africa,-22.0,24.0,🇧🇼,U+1F1E7 U+1F1FC,Botsuana,Botsuana,Botswana,Bocvana,بوتسوانا,Botswana,Botswana,Botswana,ボツワナ,Botswana
Bouvet Island,BVT,BV,0055,,NOK,kr,.bv,Bouvetøya,,,-54.43333333,3.4,🇧🇻,U+1F1E7 U+1F1FB,Ilha Bouvet,Ilha Bouvet,Bouveteiland,Otok Bouvet,جزیره بووه,Bouvetinsel,Isla Bouvet,Île Bouvet,ブーベ島,Isola Bouvet
Brazil,BRA,BR,55,Brasilia,BRL,R$,.br,Brasil,Americas,South America,-10.0,-55.0,🇧🇷,U+1F1E7 U+1F1F7,Brasil,Brasil,Brazilië,Brazil,برزیل,Brasilien,Brasil,Brésil,ブラジル,Brasile
British Indian Ocean Territory,IOT,IO,246,Diego Garcia,USD,$,.io,British Indian Ocean Territory,Africa,Eastern Africa,-6.0,71.5,🇮🇴,U+1F1EE U+1F1F4,Território Britânico do Oceano íÍdico,Território Britânico do Oceano Índico,Britse Gebieden in de Indische Oceaan,Britanski Indijskooceanski teritorij,قلمرو بریتانیا در اقیانوس هند,Britisches Territorium im Indischen Ozean,Territorio Británico del Océano Índico,Territoire britannique de l'océan Indien,イギリス領インド洋地域,Territorio britannico dell'oceano indiano
Brunei,BRN,BN,673,Bandar Seri Begawan,BND,B$,.bn,Negara Brunei Darussalam,Asia,South-Eastern Asia,4.5,114.66666666,🇧🇳,U+1F1E7 U+1F1F3,Brunei,Brunei,Brunei,Brunej,برونئی,Brunei,Brunei,Brunei,ブルネイ・ダルサラーム,Brunei
Bulgaria,BGR,BG,359,Sofia,BGN,Лв.,.bg,България,Europe,Eastern Europe,43.0,25.0,🇧🇬,U+1F1E7 U+1F1EC,Bulgária,Bulgária,Bulgarije,Bugarska,بلغارستان,Bulgarien,Bulgaria,Bulgarie,ブルガリア,Bulgaria
Burkina Faso,BFA,BF,226,Ouagadougou,XOF,CFA,.bf,Burkina Faso,Africa,Western Africa,13.0,-2.0,🇧🇫,U+1F1E7 U+1F1EB,Burkina Faso,Burquina Faso,Burkina Faso,Burkina Faso,بورکینافاسو,Burkina Faso,Burkina Faso,Burkina Faso,ブルキナファソ,Burkina Faso
Burundi,BDI,BI,257,Bujumbura,BIF,FBu,.bi,Burundi,Africa,Eastern Africa,-3.5,30.0,🇧🇮,U+1F1E7 U+1F1EE,Burundi,Burúndi,Burundi,Burundi,بوروندی,Burundi,Burundi,Burundi,ブルンジ,Burundi
Cambodia,KHM,KH,855,Phnom Penh,KHR,KHR,.kh,Kâmpŭchéa,Asia,South-Eastern Asia,13.0,105.0,🇰🇭,U+1F1F0 U+1F1ED,Camboja,Camboja,Cambodja,Kambodža,کامبوج,Kambodscha,Camboya,Cambodge,カンボジア,Cambogia
Cameroon,CMR,CM,237,Yaounde,XAF,FCFA,.cm,Cameroon,Africa,Middle Africa,6.0,12.0,🇨🇲,U+1F1E8 U+1F1F2,Camarões,Camarões,Kameroen,Kamerun,کامرون,Kamerun,Camerún,Cameroun,カメルーン,Camerun
Canada,CAN,CA,1,Ottawa,CAD,$,.ca,Canada,Americas,Northern America,60.0,-95.0,🇨🇦,U+1F1E8 U+1F1E6,Canadá,Canadá,Canada,Kanada,کانادا,Kanada,Canadá,Canada,カナダ,Canada
Cape Verde,CPV,CV,238,Praia,CVE,$,.cv,Cabo Verde,Africa,Western Africa,16.0,-24.0,🇨🇻,U+1F1E8 U+1F1FB,Cabo Verde,Cabo Verde,Kaapverdië,Zelenortska Republika,کیپ ورد,Kap Verde,Cabo Verde,Cap Vert,カーボベルデ,Capo Verde
Cayman Islands,CYM,KY,+1-345,George Town,KYD,$,.ky,Cayman Islands,Americas,Caribbean,19.5,-80.5,🇰🇾,U+1F1F0 U+1F1FE,Ilhas Cayman,Ilhas Caimão,Caymaneilanden,Kajmanski otoci,جزایر کیمن,Kaimaninseln,Islas Caimán,Îles Caïmans,ケイマン諸島,Isole Cayman
Central African Republic,CAF,CF,236,Bangui,XAF,FCFA,.cf,Ködörösêse tî Bêafrîka,Africa,Middle Africa,7.0,21.0,🇨🇫,U+1F1E8 U+1F1EB,República Centro-Africana,República Centro-Africana,Centraal-Afrikaanse Republiek,Srednjoafrička Republika,جمهوری آفریقای مرکزی,Zentralafrikanische Republik,República Centroafricana,République centrafricaine,中央アフリカ共和国,Repubblica Centrafricana
Chad,TCD,TD,235,N'Djamena,XAF,FCFA,.td,Tchad,Africa,Middle Africa,15.0,19.0,🇹🇩,U+1F1F9 U+1F1E9,Chade,Chade,Tsjaad,Čad,چاد,Tschad,Chad,Tchad,チャド,Ciad
Chile,CHL,CL,56,Santiago,CLP,$,.cl,Chile,Americas,South America,-30.0,-71.0,🇨🇱,U+1F1E8 U+1F1F1,Chile,Chile,Chili,Čile,شیلی,Chile,Chile,Chili,チリ,Cile
China,CHN,CN,86,Beijing,CNY,¥,.cn,中国,Asia,Eastern Asia,35.0,105.0,🇨🇳,U+1F1E8 U+1F1F3,China,China,China,Kina,چین,China,China,Chine,中国,Cina
Christmas Island,CXR,CX,61,Flying Fish Cove,AUD,$,.cx,Christmas Island,Oceania,Australia and New Zealand,-10.5,105.66666666,🇨🇽,U+1F1E8 U+1F1FD,Ilha Christmas,Ilha do Natal,Christmaseiland,Božićni otok,جزیره کریسمس,Weihnachtsinsel,Isla de Navidad,Île Christmas,クリスマス島,Isola di Natale
Cocos (Keeling) Islands,CCK,CC,61,West Island,AUD,$,.cc,Cocos (Keeling) Islands,Oceania,Australia and New Zealand,-12.5,96.83333333,🇨🇨,U+1F1E8 U+1F1E8,Ilhas Cocos,Ilhas dos Cocos,Cocoseilanden,Kokosovi Otoci,جزایر کوکوس,Kokosinseln,Islas Cocos o Islas Keeling,Îles Cocos,ココス（キーリング）諸島,Isole Cocos e Keeling
Colombia,COL,CO,57,Bogota,COP,$,.co,Colombia,Americas,South America,4.0,-72.0,🇨🇴,U+1F1E8 U+1F1F4,Colômbia,Colômbia,Colombia,Kolumbija,کلمبیا,Kolumbien,Colombia,Colombie,コロンビア,Colombia
Comoros,COM,KM,269,Moroni,KMF,CF,.km,Komori,Africa,Eastern Africa,-12.16666666,44.25,🇰🇲,U+1F1F0 U+1F1F2,Comores,Comores,Comoren,Komori,کومور,Union der Komoren,Comoras,Comores,コモロ,Comore
Congo,COG,CG,242,Brazzaville,XAF,FC,.cg,République du Congo,Africa,Middle Africa,-1.0,15.0,🇨🇬,U+1F1E8 U+1F1EC,Congo,Congo,Congo [Republiek],Kongo,کنگو,Kongo,Congo,Congo,コンゴ共和国,Congo
Congo The Democratic Republic Of The,COD,CD,243,Kinshasa,CDF,FC,.cd,République démocratique du Congo,Africa,Middle Africa,0.0,25.0,🇨🇩,U+1F1E8 U+1F1E9,RD Congo,RD Congo,Congo [DRC],"Kongo, Demokratska Republika",جمهوری کنگو,Kongo (Dem. Rep.),Congo (Rep. Dem.),Congo (Rép. dém.),コンゴ民主共和国,Congo (Rep. Dem.)
Cook Islands,COK,CK,682,Avarua,NZD,$,.ck,Cook Islands,Oceania,Polynesia,-21.23333333,-159.76666666,🇨🇰,U+1F1E8 U+1F1F0,Ilhas Cook,Ilhas Cook,Cookeilanden,Cookovo Otočje,جزایر کوک,Cookinseln,Islas Cook,Îles Cook,クック諸島,Isole Cook
Costa Rica,CRI,CR,506,San Jose,CRC,₡,.cr,Costa Rica,Americas,Central America,10.0,-84.0,🇨🇷,U+1F1E8 U+1F1F7,Costa Rica,Costa Rica,Costa Rica,Kostarika,کاستاریکا,Costa Rica,Costa Rica,Costa Rica,コスタリカ,Costa Rica
Cote D'Ivoire (Ivory Coast),CIV,CI,225,Yamoussoukro,XOF,CFA,.ci,,Africa,Western Africa,8.0,-5.0,🇨🇮,U+1F1E8 U+1F1EE,Costa do Marfim,Costa do Marfim,Ivoorkust,Obala Bjelokosti,ساحل عاج,Elfenbeinküste,Costa de Marfil,Côte d'Ivoire,コートジボワール,Costa D'Avorio
Croatia (Hrvatska),HRV,HR,385,Zagreb,HRK,kn,.hr,Hrvatska,Europe,Southern Europe,45.16666666,15.5,🇭🇷,U+1F1ED U+1F1F7,Croácia,Croácia,Kroatië,Hrvatska,کرواسی,Kroatien,Croacia,Croatie,クロアチア,Croazia
Cuba,CUB,CU,53,Havana,CUP,$,.cu,Cuba,Americas,Caribbean,21.5,-80.0,🇨🇺,U+1F1E8 U+1F1FA,Cuba,Cuba,Cuba,Kuba,کوبا,Kuba,Cuba,Cuba,キューバ,Cuba
Curaçao,CUW,CW,599,Willemstad,ANG,ƒ,.cw,Curaçao,Americas,Caribbean,12.116667,-68.933333,🇨🇼,U+1F1E8 U+1F1FC,Curaçao,Curaçao,Curaçao,,کوراسائو,Curaçao,,Curaçao,,Curaçao
Cyprus,CYP,CY,357,Nicosia,EUR,€,.cy,Κύπρος,Europe,Southern Europe,35.0,33.0,🇨🇾,U+1F1E8 U+1F1FE,Chipre,Chipre,Cyprus,Cipar,قبرس,Zypern,Chipre,Chypre,キプロス,Cipro
Czech Republic,CZE,CZ,420,Prague,CZK,Kč,.cz,Česká republika,Europe,Eastern Europe,49.75,15.5,🇨🇿,U+1F1E8 U+1F1FF,República Tcheca,República Checa,Tsjechië,Češka,جمهوری چک,Tschechische Republik,República Checa,République tchèque,チェコ,Repubblica Ceca
Denmark,DNK,DK,45,Copenhagen,DKK,Kr.,.dk,Danmark,Europe,Northern Europe,56.0,10.0,🇩🇰,U+1F1E9 U+1F1F0,Dinamarca,Dinamarca,Denemarken,Danska,دانمارک,Dänemark,Dinamarca,Danemark,デンマーク,Danimarca
Djibouti,DJI,DJ,253,Djibouti,DJF,Fdj,.dj,Djibouti,Africa,Eastern Africa,11.5,43.0,🇩🇯,U+1F1E9 U+1F1EF,Djibuti,Djibuti,Djibouti,Džibuti,جیبوتی,Dschibuti,Yibuti,Djibouti,ジブチ,Gibuti
Dominica,DMA,DM,+1-767,Roseau,XCD,$,.dm,Dominica,Americas,Caribbean,15.41666666,-61.33333333,🇩🇲,U+1F1E9 U+1F1F2,Dominica,Dominica,Dominica,Dominika,دومینیکا,Dominica,Dominica,Dominique,ドミニカ国,Dominica
Dominican Republic,DOM,DO,+1-809 and 1-829,Santo Domingo,DOP,$,.do,República Dominicana,Americas,Caribbean,19.0,-70.66666666,🇩🇴,U+1F1E9 U+1F1F4,República Dominicana,República Dominicana,Dominicaanse Republiek,Dominikanska Republika,جمهوری دومینیکن,Dominikanische Republik,República Dominicana,République dominicaine,ドミニカ共和国,Repubblica Dominicana
East Timor,TLS,TL,670,Dili,USD,$,.tl,Timor-Leste,Asia,South-Eastern Asia,-8.83333333,125.91666666,🇹🇱,U+1F1F9 U+1F1F1,Timor Leste,Timor Leste,Oost-Timor,Istočni Timor,تیمور شرقی,Timor-Leste,Timor Oriental,Timor oriental,東ティモール,Timor Est
Ecuador,ECU,EC,593,Quito,USD,$,.ec,Ecuador,Americas,South America,-2.0,-77.5,🇪🇨,U+1F1EA U+1F1E8,Equador,Equador,Ecuador,Ekvador,اکوادور,Ecuador,Ecuador,Équateur,エクアドル,Ecuador
Egypt,EGY,EG,20,Cairo,EGP,ج.م,.eg,مصر‎,Africa,Northern Africa,27.0,30.0,🇪🇬,U+1F1EA U+1F1EC,Egito,Egipto,Egypte,Egipat,مصر,Ägypten,Egipto,Égypte,エジプト,Egitto
El Salvador,SLV,SV,503,San Salvador,USD,$,.sv,El Salvador,Americas,Central America,13.83333333,-88.91666666,🇸🇻,U+1F1F8 U+1F1FB,El Salvador,El Salvador,El Salvador,Salvador,السالوادور,El Salvador,El Salvador,Salvador,エルサルバドル,El Salvador
Equatorial Guinea,GNQ,GQ,240,Malabo,XAF,FCFA,.gq,Guinea Ecuatorial,Africa,Middle Africa,2.0,10.0,🇬🇶,U+1F1EC U+1F1F6,Guiné Equatorial,Guiné Equatorial,Equatoriaal-Guinea,Ekvatorijalna Gvineja,گینه استوایی,Äquatorial-Guinea,Guinea Ecuatorial,Guinée-Équatoriale,赤道ギニア,Guinea Equatoriale
Eritrea,ERI,ER,291,Asmara,ERN,Nfk,.er,ኤርትራ,Africa,Eastern Africa,15.0,39.0,🇪🇷,U+1F1EA U+1F1F7,Eritreia,Eritreia,Eritrea,Eritreja,اریتره,Eritrea,Eritrea,Érythrée,エリトリア,Eritrea
Estonia,EST,EE,372,Tallinn,EUR,€,.ee,Eesti,Europe,Northern Europe,59.0,26.0,🇪🇪,U+1F1EA U+1F1EA,Estônia,Estónia,Estland,Estonija,استونی,Estland,Estonia,Estonie,エストニア,Estonia
Ethiopia,ETH,ET,251,Addis Ababa,ETB,Nkf,.et,ኢትዮጵያ,Africa,Eastern Africa,8.0,38.0,🇪🇹,U+1F1EA U+1F1F9,Etiópia,Etiópia,Ethiopië,Etiopija,اتیوپی,Äthiopien,Etiopía,Éthiopie,エチオピア,Etiopia
Falkland Islands,FLK,FK,500,Stanley,FKP,£,.fk,Falkland Islands,Americas,South America,-51.75,-59.0,🇫🇰,U+1F1EB U+1F1F0,Ilhas Malvinas,Ilhas Falkland,Falklandeilanden [Islas Malvinas],Falklandski Otoci,جزایر فالکلند,Falklandinseln,Islas Malvinas,Îles Malouines,フォークランド（マルビナス）諸島,Isole Falkland o Isole Malvine
Faroe Islands,FRO,FO,298,Torshavn,DKK,Kr.,.fo,Føroyar,Europe,Northern Europe,62.0,-7.0,🇫🇴,U+1F1EB U+1F1F4,Ilhas Faroé,Ilhas Faroé,Faeröer,Farski Otoci,جزایر فارو,Färöer-Inseln,Islas Faroe,Îles Féroé,フェロー諸島,Isole Far Oer
Fiji Islands,FJI,FJ,679,Suva,FJD,FJ$,.fj,Fiji,Oceania,Melanesia,-18.0,175.0,🇫🇯,U+1F1EB U+1F1EF,Fiji,Fiji,Fiji,Fiđi,فیجی,Fidschi,Fiyi,Fidji,フィジー,Figi
Finland,FIN,FI,358,Helsinki,EUR,€,.fi,Suomi,Europe,Northern Europe,64.0,26.0,🇫🇮,U+1F1EB U+1F1EE,Finlândia,Finlândia,Finland,Finska,فنلاند,Finnland,Finlandia,Finlande,フィンランド,Finlandia
France,FRA,FR,33,Paris,EUR,€,.fr,France,Europe,Western Europe,46.0,2.0,🇫🇷,U+1F1EB U+1F1F7,França,França,Frankrijk,Francuska,فرانسه,Frankreich,Francia,France,フランス,Francia
French Guiana,GUF,GF,594,Cayenne,EUR,€,.gf,Guyane française,Americas,South America,4.0,-53.0,🇬🇫,U+1F1EC U+1F1EB,Guiana Francesa,Guiana Francesa,Frans-Guyana,Francuska Gvajana,گویان فرانسه,Französisch Guyana,Guayana Francesa,Guayane,フランス領ギアナ,Guyana francese
French Polynesia,PYF,PF,689,Papeete,XPF,₣,.pf,Polynésie française,Oceania,Polynesia,-15.0,-140.0,🇵🇫,U+1F1F5 U+1F1EB,Polinésia Francesa,Polinésia Francesa,Frans-Polynesië,Francuska Polinezija,پلی‌نزی فرانسه,Französisch-Polynesien,Polinesia Francesa,Polynésie française,フランス領ポリネシア,Polinesia Francese
French Southern Territories,ATF,TF,,Port-aux-Francais,EUR,€,.tf,Territoire des Terres australes et antarctiques fr,Africa,Southern Africa,-49.25,69.167,🇹🇫,U+1F1F9 U+1F1EB,Terras Austrais e Antárticas Francesas,Terras Austrais e Antárticas Francesas,Franse Gebieden in de zuidelijke Indische Oceaan,Francuski južni i antarktički teritoriji,سرزمین‌های جنوبی و جنوبگانی فرانسه,Französische Süd- und Antarktisgebiete,Tierras Australes y Antárticas Francesas,Terres australes et antarctiques françaises,フランス領南方・南極地域,Territori Francesi del Sud
Gabon,GAB,GA,241,Libreville,XAF,FCFA,.ga,Gabon,Africa,Middle Africa,-1.0,11.75,🇬🇦,U+1F1EC U+1F1E6,Gabão,Gabão,Gabon,Gabon,گابن,Gabun,Gabón,Gabon,ガボン,Gabon
Gambia The,GMB,GM,220,Banjul,GMD,D,.gm,Gambia,Africa,Western Africa,13.46666666,-16.56666666,🇬🇲,U+1F1EC U+1F1F2,Gâmbia,Gâmbia,Gambia,Gambija,گامبیا,Gambia,Gambia,Gambie,ガンビア,Gambia
Georgia,GEO,GE,995,Tbilisi,GEL,ლ,.ge,საქართველო,Asia,Western Asia,42.0,43.5,🇬🇪,U+1F1EC U+1F1EA,Geórgia,Geórgia,Georgië,Gruzija,گرجستان,Georgien,Georgia,Géorgie,グルジア,Georgia
Germany,DEU,DE,49,Berlin,EUR,€,.de,Deutschland,Europe,Western Europe,51.0,9.0,🇩🇪,U+1F1E9 U+1F1EA,Alemanha,Alemanha,Duitsland,Njemačka,آلمان,Deutschland,Alemania,Allemagne,ドイツ,Germania
Ghana,GHA,GH,233,Accra,GHS,GH₵,.gh,Ghana,Africa,Western Africa,8.0,-2.0,🇬🇭,U+1F1EC U+1F1ED,Gana,Gana,Ghana,Gana,غنا,Ghana,Ghana,Ghana,ガーナ,Ghana
Gibraltar,GIB,GI,350,Gibraltar,GIP,£,.gi,Gibraltar,Europe,Southern Europe,36.13333333,-5.35,🇬🇮,U+1F1EC U+1F1EE,Gibraltar,Gibraltar,Gibraltar,Gibraltar,جبل‌طارق,Gibraltar,Gibraltar,Gibraltar,ジブラルタル,Gibilterra
Greece,GRC,GR,30,Athens,EUR,€,.gr,Ελλάδα,Europe,Southern Europe,39.0,22.0,🇬🇷,U+1F1EC U+1F1F7,Grécia,Grécia,Griekenland,Grčka,یونان,Griechenland,Grecia,Grèce,ギリシャ,Grecia
Greenland,GRL,GL,299,Nuuk,DKK,Kr.,.gl,Kalaallit Nunaat,Americas,Northern America,72.0,-40.0,🇬🇱,U+1F1EC U+1F1F1,Groelândia,Gronelândia,Groenland,Grenland,گرینلند,Grönland,Groenlandia,Groenland,グリーンランド,Groenlandia
Grenada,GRD,GD,+1-473,St. George's,XCD,$,.gd,Grenada,Americas,Caribbean,12.11666666,-61.66666666,🇬🇩,U+1F1EC U+1F1E9,Granada,Granada,Grenada,Grenada,گرنادا,Grenada,Grenada,Grenade,グレナダ,Grenada
Guadeloupe,GLP,GP,590,Basse-Terre,EUR,€,.gp,Guadeloupe,Americas,Caribbean,16.25,-61.583333,🇬🇵,U+1F1EC U+1F1F5,Guadalupe,Guadalupe,Guadeloupe,Gvadalupa,جزیره گوادلوپ,Guadeloupe,Guadalupe,Guadeloupe,グアドループ,Guadeloupa
Guam,GUM,GU,+1-671,Hagatna,USD,$,.gu,Guam,Oceania,Micronesia,13.46666666,144.78333333,🇬🇺,U+1F1EC U+1F1FA,Guam,Guame,Guam,Guam,گوام,Guam,Guam,Guam,グアム,Guam
Guatemala,GTM,GT,502,Guatemala City,GTQ,Q,.gt,Guatemala,Americas,Central America,15.5,-90.25,🇬🇹,U+1F1EC U+1F1F9,Guatemala,Guatemala,Guatemala,Gvatemala,گواتمالا,Guatemala,Guatemala,Guatemala,グアテマラ,Guatemala
Guernsey and Alderney,GGY,GG,+44-1481,St Peter Port,GBP,£,.gg,Guernsey,Europe,Northern Europe,49.46666666,-2.58333333,🇬🇬,U+1F1EC U+1F1EC,Guernsey,Guernsey,Guernsey,Guernsey,گرنزی,Guernsey,Guernsey,Guernesey,ガーンジー,Guernsey
Guinea,GIN,GN,224,Conakry,GNF,FG,.gn,Guinée,Africa,Western Africa,11.0,-10.0,🇬🇳,U+1F1EC U+1F1F3,Guiné,Guiné,Guinee,Gvineja,گینه,Guinea,Guinea,Guinée,ギニア,Guinea
Guinea-Bissau,GNB,GW,245,Bissau,XOF,CFA,.gw,Guiné-Bissau,Africa,Western Africa,12.0,-15.0,🇬🇼,U+1F1EC U+1F1FC,Guiné-Bissau,Guiné-Bissau,Guinee-Bissau,Gvineja Bisau,گینه بیسائو,Guinea-Bissau,Guinea-Bisáu,Guinée-Bissau,ギニアビサウ,Guinea-Bissau
Guyana,GUY,GY,592,Georgetown,GYD,$,.gy,Guyana,Americas,South America,5.0,-59.0,🇬🇾,U+1F1EC U+1F1FE,Guiana,Guiana,Guyana,Gvajana,گویان,Guyana,Guyana,Guyane,ガイアナ,Guyana
Haiti,HTI,HT,509,Port-au-Prince,HTG,G,.ht,Haïti,Americas,Caribbean,19.0,-72.41666666,🇭🇹,U+1F1ED U+1F1F9,Haiti,Haiti,Haïti,Haiti,هائیتی,Haiti,Haiti,Haïti,ハイチ,Haiti
Heard Island and McDonald Islands,HMD,HM,,,AUD,$,.hm,Heard Island and McDonald Islands,,,-53.1,72.51666666,🇭🇲,U+1F1ED U+1F1F2,Ilha Heard e Ilhas McDonald,Ilha Heard e Ilhas McDonald,Heard- en McDonaldeilanden,Otok Heard i otočje McDonald,جزیره هرد و جزایر مک‌دونالد,Heard und die McDonaldinseln,Islas Heard y McDonald,Îles Heard-et-MacDonald,ハード島とマクドナルド諸島,Isole Heard e McDonald
Honduras,HND,HN,504,Tegucigalpa,HNL,L,.hn,Honduras,Americas,Central America,15.0,-86.5,🇭🇳,U+1F1ED U+1F1F3,Honduras,Honduras,Honduras,Honduras,هندوراس,Honduras,Honduras,Honduras,ホンジュラス,Honduras
Hong Kong S.A.R.,HKG,HK,852,Hong Kong,HKD,$,.hk,香港,Asia,Eastern Asia,22.25,114.16666666,🇭🇰,U+1F1ED U+1F1F0,Hong Kong,Hong Kong,Hongkong,Hong Kong,هنگ‌کنگ,Hong Kong,Hong Kong,Hong Kong,香港,Hong Kong
Hungary,HUN,HU,36,Budapest,HUF,Ft,.hu,Magyarország,Europe,Eastern Europe,47.0,20.0,🇭🇺,U+1F1ED U+1F1FA,Hungria,Hungria,Hongarije,Mađarska,مجارستان,Ungarn,Hungría,Hongrie,ハンガリー,Ungheria
Iceland,ISL,IS,354,Reykjavik,ISK,kr,.is,Ísland,Europe,Northern Europe,65.0,-18.0,🇮🇸,U+1F1EE U+1F1F8,Islândia,Islândia,IJsland,Island,ایسلند,Island,Islandia,Islande,アイスランド,Islanda
India,IND,IN,91,New Delhi,INR,₹,.in,भारत,Asia,Southern Asia,20.0,77.0,🇮🇳,U+1F1EE U+1F1F3,Índia,Índia,India,Indija,هند,Indien,India,Inde,インド,India
Indonesia,IDN,ID,62,Jakarta,IDR,Rp,.id,Indonesia,Asia,South-Eastern Asia,-5.0,120.0,🇮🇩,U+1F1EE U+1F1E9,Indonésia,Indonésia,Indonesië,Indonezija,اندونزی,Indonesien,Indonesia,Indonésie,インドネシア,Indonesia
Iran,IRN,IR,98,Tehran,IRR,﷼,.ir,ایران,Asia,Southern Asia,32.0,53.0,🇮🇷,U+1F1EE U+1F1F7,Irã,Irão,Iran,Iran,ایران,Iran,Iran,Iran,イラン・イスラム共和国,
Iraq,IRQ,IQ,964,Baghdad,IQD,د.ع,.iq,العراق,Asia,Western Asia,33.0,44.0,🇮🇶,U+1F1EE U+1F1F6,Iraque,Iraque,Irak,Irak,عراق,Irak,Irak,Irak,イラク,Iraq
Ireland,IRL,IE,353,Dublin,EUR,€,.ie,Éire,Europe,Northern Europe,53.0,-8.0,🇮🇪,U+1F1EE U+1F1EA,Irlanda,Irlanda,Ierland,Irska,ایرلند,Irland,Irlanda,Irlande,アイルランド,Irlanda
Israel,ISR,IL,972,Jerusalem,ILS,₪,.il,יִשְׂרָאֵל,Asia,Western Asia,31.5,34.75,🇮🇱,U+1F1EE U+1F1F1,Israel,Israel,Israël,Izrael,اسرائیل,Israel,Israel,Israël,イスラエル,Israele
Italy,ITA,IT,39,Rome,EUR,€,.it,Italia,Europe,Southern Europe,42.83333333,12.83333333,🇮🇹,U+1F1EE U+1F1F9,Itália,Itália,Italië,Italija,ایتالیا,Italien,Italia,Italie,イタリア,Italia
Jamaica,JAM,JM,+1-876,Kingston,JMD,J$,.jm,Jamaica,Americas,Caribbean,18.25,-77.5,🇯🇲,U+1F1EF U+1F1F2,Jamaica,Jamaica,Jamaica,Jamajka,جامائیکا,Jamaika,Jamaica,Jamaïque,ジャマイカ,Giamaica
Japan,JPN,JP,81,Tokyo,JPY,¥,.jp,日本,Asia,Eastern Asia,36.0,138.0,🇯🇵,U+1F1EF U+1F1F5,Japão,Japão,Japan,Japan,ژاپن,Japan,Japón,Japon,日本,Giappone
Jersey,JEY,JE,+44-1534,Saint Helier,GBP,£,.je,Jersey,Europe,Northern Europe,49.25,-2.16666666,🇯🇪,U+1F1EF U+1F1EA,Jersey,Jersey,Jersey,Jersey,جرزی,Jersey,Jersey,Jersey,ジャージー,Isola di Jersey
Jordan,JOR,JO,962,Amman,JOD,ا.د,.jo,الأردن,Asia,Western Asia,31.0,36.0,🇯🇴,U+1F1EF U+1F1F4,Jordânia,Jordânia,Jordanië,Jordan,اردن,Jordanien,Jordania,Jordanie,ヨルダン,Giordania
Kazakhstan,KAZ,KZ,7,Astana,KZT,лв,.kz,Қазақстан,Asia,Central Asia,48.0,68.0,🇰🇿,U+1F1F0 U+1F1FF,Cazaquistão,Cazaquistão,Kazachstan,Kazahstan,قزاقستان,Kasachstan,Kazajistán,Kazakhstan,カザフスタン,Kazakistan
Kenya,KEN,KE,254,Nairobi,KES,KSh,.ke,Kenya,Africa,Eastern Africa,1.0,38.0,🇰🇪,U+1F1F0 U+1F1EA,Quênia,Quénia,Kenia,Kenija,کنیا,Kenia,Kenia,Kenya,ケニア,Kenya
Kiribati,KIR,KI,686,Tarawa,AUD,$,.ki,Kiribati,Oceania,Micronesia,1.41666666,173.0,🇰🇮,U+1F1F0 U+1F1EE,Kiribati,Quiribáti,Kiribati,Kiribati,کیریباتی,Kiribati,Kiribati,Kiribati,キリバス,Kiribati
Korea North,PRK,KP,850,Pyongyang,KPW,₩,.kp,북한,Asia,Eastern Asia,40.0,127.0,🇰🇵,U+1F1F0 U+1F1F5,Coreia do Norte,Coreia do Norte,Noord-Korea,Sjeverna Koreja,کره جنوبی,Nordkorea,Corea del Norte,Corée du Nord,朝鮮民主主義人民共和国,Corea del Nord
Korea South,KOR,KR,82,Seoul,KRW,₩,.kr,대한민국,Asia,Eastern Asia,37.0,127.5,🇰🇷,U+1F1F0 U+1F1F7,Coreia do Sul,Coreia do Sul,Zuid-Korea,Južna Koreja,کره شمالی,Südkorea,Corea del Sur,Corée du Sud,大韓民国,Corea del Sud
Kosovo,XKX,XK,383,Pristina,EUR,€,.xk,Republika e Kosovës,Europe,Eastern Europe,42.5612909,20.3403035,🇽🇰,U+1F1FD U+1F1F0,,,,,,,,,,
Kuwait,KWT,KW,965,Kuwait City,KWD,ك.د,.kw,الكويت,Asia,Western Asia,29.5,45.75,🇰🇼,U+1F1F0 U+1F1FC,Kuwait,Kuwait,Koeweit,Kuvajt,کویت,Kuwait,Kuwait,Koweït,クウェート,Kuwait
Kyrgyzstan,KGZ,KG,996,Bishkek,KGS,лв,.kg,Кыргызстан,Asia,Central Asia,41.0,75.0,🇰🇬,U+1F1F0 U+1F1EC,Quirguistão,Quirguizistão,Kirgizië,Kirgistan,قرقیزستان,Kirgisistan,Kirguizistán,Kirghizistan,キルギス,Kirghizistan
Laos,LAO,LA,856,Vientiane,LAK,₭,.la,ສປປລາວ,Asia,South-Eastern Asia,18.0,105.0,🇱🇦,U+1F1F1 U+1F1E6,Laos,Laos,Laos,Laos,لائوس,Laos,Laos,Laos,ラオス人民民主共和国,Laos
Latvia,LVA,LV,371,Riga,EUR,€,.lv,Latvija,Europe,Northern Europe,57.0,25.0,🇱🇻,U+1F1F1 U+1F1FB,Letônia,Letónia,Letland,Latvija,لتونی,Lettland,Letonia,Lettonie,ラトビア,Lettonia
Lebanon,LBN,LB,961,Beirut,LBP,£,.lb,لبنان,Asia,Western Asia,33.83333333,35.83333333,🇱🇧,U+1F1F1 U+1F1E7,Líbano,Líbano,Libanon,Libanon,لبنان,Libanon,Líbano,Liban,レバノン,Libano
Lesotho,LSO,LS,266,Maseru,LSL,L,.ls,Lesotho,Africa,Southern Africa,-29.5,28.5,🇱🇸,U+1F1F1 U+1F1F8,Lesoto,Lesoto,Lesotho,Lesoto,لسوتو,Lesotho,Lesotho,Lesotho,レソト,Lesotho
Liberia,LBR,LR,231,Monrovia,LRD,$,.lr,Liberia,Africa,Western Africa,6.5,-9.5,🇱🇷,U+1F1F1 U+1F1F7,Libéria,Libéria,Liberia,Liberija,لیبریا,Liberia,Liberia,Liberia,リベリア,Liberia
Libya,LBY,LY,218,Tripolis,LYD,د.ل,.ly,‏ليبيا,Africa,Northern Africa,25.0,17.0,🇱🇾,U+1F1F1 U+1F1FE,Líbia,Líbia,Libië,Libija,لیبی,Libyen,Libia,Libye,リビア,Libia
Liechtenstein,LIE,LI,423,Vaduz,CHF,CHf,.li,Liechtenstein,Europe,Western Europe,47.26666666,9.53333333,🇱🇮,U+1F1F1 U+1F1EE,Liechtenstein,Listenstaine,Liechtenstein,Lihtenštajn,لیختن‌اشتاین,Liechtenstein,Liechtenstein,Liechtenstein,リヒテンシュタイン,Liechtenstein
Lithuania,LTU,LT,370,Vilnius,EUR,€,.lt,Lietuva,Europe,Northern Europe,56.0,24.0,🇱🇹,U+1F1F1 U+1F1F9,Lituânia,Lituânia,Litouwen,Litva,لیتوانی,Litauen,Lituania,Lituanie,リトアニア,Lituania
Luxembourg,LUX,LU,352,Luxembourg,EUR,€,.lu,Luxembourg,Europe,Western Europe,49.75,6.16666666,🇱🇺,U+1F1F1 U+1F1FA,Luxemburgo,Luxemburgo,Luxemburg,Luksemburg,لوکزامبورگ,Luxemburg,Luxemburgo,Luxembourg,ルクセンブルク,Lussemburgo
Macau S.A.R.,MAC,MO,853,Macao,MOP,$,.mo,澳門,Asia,Eastern Asia,22.16666666,113.55,🇲🇴,U+1F1F2 U+1F1F4,Macau,Macau,Macao,Makao,مکائو,Macao,Macao,Macao,マカオ,Macao
Macedonia,MKD,MK,389,Skopje,MKD,ден,.mk,Северна Македонија,Europe,Southern Europe,41.83333333,22.0,🇲🇰,U+1F1F2 U+1F1F0,Macedônia,Macedónia,Macedonië,Makedonija,,Mazedonien,Macedonia,Macédoine,マケドニア旧ユーゴスラビア共和国,Macedonia
Madagascar,MDG,MG,261,Antananarivo,MGA,Ar,.mg,Madagasikara,Africa,Eastern Africa,-20.0,47.0,🇲🇬,U+1F1F2 U+1F1EC,Madagascar,Madagáscar,Madagaskar,Madagaskar,ماداگاسکار,Madagaskar,Madagascar,Madagascar,マダガスカル,Madagascar
Malawi,MWI,MW,265,Lilongwe,MWK,MK,.mw,Malawi,Africa,Eastern Africa,-13.5,34.0,🇲🇼,U+1F1F2 U+1F1FC,Malawi,Malávi,Malawi,Malavi,مالاوی,Malawi,Malawi,Malawi,マラウイ,Malawi
Malaysia,MYS,MY,60,Kuala Lumpur,MYR,RM,.my,Malaysia,Asia,South-Eastern Asia,2.5,112.5,🇲🇾,U+1F1F2 U+1F1FE,Malásia,Malásia,Maleisië,Malezija,مالزی,Malaysia,Malasia,Malaisie,マレーシア,Malesia
Maldives,MDV,MV,960,Male,MVR,Rf,.mv,Maldives,Asia,Southern Asia,3.25,73.0,🇲🇻,U+1F1F2 U+1F1FB,Maldivas,Maldivas,Maldiven,Maldivi,مالدیو,Malediven,Maldivas,Maldives,モルディブ,Maldive
Mali,MLI,ML,223,Bamako,XOF,CFA,.ml,Mali,Africa,Western Africa,17.0,-4.0,🇲🇱,U+1F1F2 U+1F1F1,Mali,Mali,Mali,Mali,مالی,Mali,Mali,Mali,マリ,Mali
Malta,MLT,MT,356,Valletta,EUR,€,.mt,Malta,Europe,Southern Europe,35.83333333,14.58333333,🇲🇹,U+1F1F2 U+1F1F9,Malta,Malta,Malta,Malta,مالت,Malta,Malta,Malte,マルタ,Malta
Man (Isle of),IMN,IM,+44-1624,"Douglas, Isle of Man",GBP,£,.im,Isle of Man,Europe,Northern Europe,54.25,-4.5,🇮🇲,U+1F1EE U+1F1F2,Ilha de Man,Ilha de Man,Isle of Man,Otok Man,جزیره من,Insel Man,Isla de Man,Île de Man,マン島,Isola di Man
Marshall Islands,MHL,MH,692,Majuro,USD,$,.mh,M̧ajeļ,Oceania,Micronesia,9.0,168.0,🇲🇭,U+1F1F2 U+1F1ED,Ilhas Marshall,Ilhas Marshall,Marshalleilanden,Maršalovi Otoci,جزایر مارشال,Marshallinseln,Islas Marshall,Îles Marshall,マーシャル諸島,Isole Marshall
Martinique,MTQ,MQ,596,Fort-de-France,EUR,€,.mq,Martinique,Americas,Caribbean,14.666667,-61.0,🇲🇶,U+1F1F2 U+1F1F6,Martinica,Martinica,Martinique,Martinique,مونتسرات,Martinique,Martinica,Martinique,マルティニーク,Martinica
Mauritania,MRT,MR,222,Nouakchott,MRO,MRU,.mr,موريتانيا,Africa,Western Africa,20.0,-12.0,🇲🇷,U+1F1F2 U+1F1F7,Mauritânia,Mauritânia,Mauritanië,Mauritanija,موریتانی,Mauretanien,Mauritania,Mauritanie,モーリタニア,Mauritania
Mauritius,MUS,MU,230,Port Louis,MUR,₨,.mu,Maurice,Africa,Eastern Africa,-20.28333333,57.55,🇲🇺,U+1F1F2 U+1F1FA,Maurício,Maurícia,Mauritius,Mauricijus,موریس,Mauritius,Mauricio,Île Maurice,モーリシャス,Mauritius
Mayotte,MYT,YT,262,Mamoudzou,EUR,€,.yt,Mayotte,Africa,Eastern Africa,-12.83333333,45.16666666,🇾🇹,U+1F1FE U+1F1F9,Mayotte,Mayotte,Mayotte,Mayotte,مایوت,Mayotte,Mayotte,Mayotte,マヨット,Mayotte
Mexico,MEX,MX,52,Mexico City,MXN,$,.mx,México,Americas,Central America,23.0,-102.0,🇲🇽,U+1F1F2 U+1F1FD,México,México,Mexico,Meksiko,مکزیک,Mexiko,México,Mexique,メキシコ,Messico
Micronesia,FSM,FM,691,Palikir,USD,$,.fm,Micronesia,Oceania,Micronesia,6.91666666,158.25,🇫🇲,U+1F1EB U+1F1F2,Micronésia,Micronésia,Micronesië,Mikronezija,ایالات فدرال میکرونزی,Mikronesien,Micronesia,Micronésie,ミクロネシア連邦,Micronesia
Moldova,MDA,MD,373,Chisinau,MDL,L,.md,Moldova,Europe,Eastern Europe,47.0,29.0,🇲🇩,U+1F1F2 U+1F1E9,Moldávia,Moldávia,Moldavië,Moldova,مولداوی,Moldawie,Moldavia,Moldavie,モルドバ共和国,Moldavia
Monaco,MCO,MC,377,Monaco,EUR,€,.mc,Monaco,Europe,Western Europe,43.73333333,7.4,🇲🇨,U+1F1F2 U+1F1E8,Mônaco,Mónaco,Monaco,Monako,موناکو,Monaco,Mónaco,Monaco,モナコ,Principato di Monaco
Mongolia,MNG,MN,976,Ulan Bator,MNT,₮,.mn,Монгол улс,Asia,Eastern Asia,46.0,105.0,🇲🇳,U+1F1F2 U+1F1F3,Mongólia,Mongólia,Mongolië,Mongolija,مغولستان,Mongolei,Mongolia,Mongolie,モンゴル,Mongolia
Montenegro,MNE,ME,382,Podgorica,EUR,€,.me,Црна Гора,Europe,Southern Europe,42.5,19.3,🇲🇪,U+1F1F2 U+1F1EA,Montenegro,Montenegro,Montenegro,Crna Gora,مونته‌نگرو,Montenegro,Montenegro,Monténégro,モンテネグロ,Montenegro
Montserrat,MSR,MS,+1-664,Plymouth,XCD,$,.ms,Montserrat,Americas,Caribbean,16.75,-62.2,🇲🇸,U+1F1F2 U+1F1F8,Montserrat,Monserrate,Montserrat,Montserrat,مایوت,Montserrat,Montserrat,Montserrat,モントセラト,Montserrat
Morocco,MAR,MA,212,Rabat,MAD,DH,.ma,المغرب,Africa,Northern Africa,32.0,-5.0,🇲🇦,U+1F1F2 U+1F1E6,Marrocos,Marrocos,Marokko,Maroko,مراکش,Marokko,Marruecos,Maroc,モロッコ,Marocco
Mozambique,MOZ,MZ,258,Maputo,MZN,MT,.mz,Moçambique,Africa,Eastern Africa,-18.25,35.0,🇲🇿,U+1F1F2 U+1F1FF,Moçambique,Moçambique,Mozambique,Mozambik,موزامبیک,Mosambik,Mozambique,Mozambique,モザンビーク,Mozambico
Myanmar,MMR,MM,95,Nay Pyi Taw,MMK,K,.mm,မြန်မာ,Asia,South-Eastern Asia,22.0,98.0,🇲🇲,U+1F1F2 U+1F1F2,Myanmar,Myanmar,Myanmar,Mijanmar,میانمار,Myanmar,Myanmar,Myanmar,ミャンマー,Birmania
Namibia,NAM,NA,264,Windhoek,NAD,$,.na,Namibia,Africa,Southern Africa,-22.0,17.0,🇳🇦,U+1F1F3 U+1F1E6,Namíbia,Namíbia,Namibië,Namibija,نامیبیا,Namibia,Namibia,Namibie,ナミビア,Namibia
Nauru,NRU,NR,674,Yaren,AUD,$,.nr,Nauru,Oceania,Micronesia,-0.53333333,166.91666666,🇳🇷,U+1F1F3 U+1F1F7,Nauru,Nauru,Nauru,Nauru,نائورو,Nauru,Nauru,Nauru,ナウル,Nauru
Nepal,NPL,NP,977,Kathmandu,NPR,₨,.np,नपल,Asia,Southern Asia,28.0,84.0,🇳🇵,U+1F1F3 U+1F1F5,Nepal,Nepal,Nepal,Nepal,نپال,Népal,Nepal,Népal,ネパール,Nepal
Netherlands The,NLD,NL,31,Amsterdam,EUR,€,.nl,Nederland,Europe,Western Europe,52.5,5.75,🇳🇱,U+1F1F3 U+1F1F1,Holanda,Países Baixos,Nederland,Nizozemska,پادشاهی هلند,Niederlande,Países Bajos,Pays-Bas,オランダ,Paesi Bassi
New Caledonia,NCL,NC,687,Noumea,XPF,₣,.nc,Nouvelle-Calédonie,Oceania,Melanesia,-21.5,165.5,🇳🇨,U+1F1F3 U+1F1E8,Nova Caledônia,Nova Caledónia,Nieuw-Caledonië,Nova Kaledonija,کالدونیای جدید,Neukaledonien,Nueva Caledonia,Nouvelle-Calédonie,ニューカレドニア,Nuova Caledonia
New Zealand,NZL,NZ,64,Wellington,NZD,$,.nz,New Zealand,Oceania,Australia and New Zealand,-41.0,174.0,🇳🇿,U+1F1F3 U+1F1FF,Nova Zelândia,Nova Zelândia,Nieuw-Zeeland,Novi Zeland,نیوزیلند,Neuseeland,Nueva Zelanda,Nouvelle-Zélande,ニュージーランド,Nuova Zelanda
Nicaragua,NIC,NI,505,Managua,NIO,C$,.ni,Nicaragua,Americas,Central America,13.0,-85.0,🇳🇮,U+1F1F3 U+1F1EE,Nicarágua,Nicarágua,Nicaragua,Nikaragva,نیکاراگوئه,Nicaragua,Nicaragua,Nicaragua,ニカラグア,Nicaragua
Niger,NER,NE,227,Niamey,XOF,CFA,.ne,Niger,Africa,Western Africa,16.0,8.0,🇳🇪,U+1F1F3 U+1F1EA,Níger,Níger,Niger,Niger,نیجر,Niger,Níger,Niger,ニジェール,Niger
Nigeria,NGA,NG,234,Abuja,NGN,₦,.ng,Nigeria,Africa,Western Africa,10.0,8.0,🇳🇬,U+1F1F3 U+1F1EC,Nigéria,Nigéria,Nigeria,Nigerija,نیجریه,Nigeria,Nigeria,Nigéria,ナイジェリア,Nigeria
Niue,NIU,NU,683,Alofi,NZD,$,.nu,Niuē,Oceania,Polynesia,-19.03333333,-169.86666666,🇳🇺,U+1F1F3 U+1F1FA,Niue,Niue,Niue,Niue,نیووی,Niue,Niue,Niue,ニウエ,Niue
Norfolk Island,NFK,NF,672,Kingston,AUD,$,.nf,Norfolk Island,Oceania,Australia and New Zealand,-29.03333333,167.95,🇳🇫,U+1F1F3 U+1F1EB,Ilha Norfolk,Ilha Norfolk,Norfolkeiland,Otok Norfolk,جزیره نورفک,Norfolkinsel,Isla de Norfolk,Île de Norfolk,ノーフォーク島,Isola Norfolk
Northern Mariana Islands,MNP,MP,+1-670,Saipan,USD,$,.mp,Northern Mariana Islands,Oceania,Micronesia,15.2,145.75,🇲🇵,U+1F1F2 U+1F1F5,Ilhas Marianas,Ilhas Marianas,Noordelijke Marianeneilanden,Sjevernomarijanski otoci,جزایر ماریانای شمالی,Nördliche Marianen,Islas Marianas del Norte,Îles Mariannes du Nord,北マリアナ諸島,Isole Marianne Settentrionali
Norway,NOR,NO,47,Oslo,NOK,kr,.no,Norge,Europe,Northern Europe,62.0,10.0,🇳🇴,U+1F1F3 U+1F1F4,Noruega,Noruega,Noorwegen,Norveška,نروژ,Norwegen,Noruega,Norvège,ノルウェー,Norvegia
Oman,OMN,OM,968,Muscat,OMR,.ع.ر,.om,عمان,Asia,Western Asia,21.0,57.0,🇴🇲,U+1F1F4 U+1F1F2,Omã,Omã,Oman,Oman,عمان,Oman,Omán,Oman,オマーン,oman
Pakistan,PAK,PK,92,Islamabad,PKR,₨,.pk,Pakistan,Asia,Southern Asia,30.0,70.0,🇵🇰,U+1F1F5 U+1F1F0,Paquistão,Paquistão,Pakistan,Pakistan,پاکستان,Pakistan,Pakistán,Pakistan,パキスタン,Pakistan
Palau,PLW,PW,680,Melekeok,USD,$,.pw,Palau,Oceania,Micronesia,7.5,134.5,🇵🇼,U+1F1F5 U+1F1FC,Palau,Palau,Palau,Palau,پالائو,Palau,Palau,Palaos,パラオ,Palau
Palestinian Territory Occupied,PSE,PS,970,East Jerusalem,ILS,₪,.ps,فلسطين,Asia,Western Asia,31.9,35.2,🇵🇸,U+1F1F5 U+1F1F8,Palestina,Palestina,Palestijnse gebieden,Palestina,فلسطین,Palästina,Palestina,Palestine,パレスチナ,Palestina
Panama,PAN,PA,507,Panama City,PAB,B/.,.pa,Panamá,Americas,Central America,9.0,-80.0,🇵🇦,U+1F1F5 U+1F1E6,Panamá,Panamá,Panama,Panama,پاناما,Panama,Panamá,Panama,パナマ,Panama
Papua new Guinea,PNG,PG,675,Port Moresby,PGK,K,.pg,Papua Niugini,Oceania,Melanesia,-6.0,147.0,🇵🇬,U+1F1F5 U+1F1EC,Papua Nova Guiné,Papua Nova Guiné,Papoea-Nieuw-Guinea,Papua Nova Gvineja,پاپوآ گینه نو,Papua-Neuguinea,Papúa Nueva Guinea,Papouasie-Nouvelle-Guinée,パプアニューギニア,Papua Nuova Guinea
Paraguay,PRY,PY,595,Asuncion,PYG,₲,.py,Paraguay,Americas,South America,-23.0,-58.0,🇵🇾,U+1F1F5 U+1F1FE,Paraguai,Paraguai,Paraguay,Paragvaj,پاراگوئه,Paraguay,Paraguay,Paraguay,パラグアイ,Paraguay
Peru,PER,PE,51,Lima,PEN,S/.,.pe,Perú,Americas,South America,-10.0,-76.0,🇵🇪,U+1F1F5 U+1F1EA,Peru,Peru,Peru,Peru,پرو,Peru,Perú,Pérou,ペルー,Perù
Philippines,PHL,PH,63,Manila,PHP,₱,.ph,Pilipinas,Asia,South-Eastern Asia,13.0,122.0,🇵🇭,U+1F1F5 U+1F1ED,Filipinas,Filipinas,Filipijnen,Filipini,جزایر الندفیلیپین,Philippinen,Filipinas,Philippines,フィリピン,Filippine
Pitcairn Island,PCN,PN,870,Adamstown,NZD,$,.pn,Pitcairn Islands,Oceania,Polynesia,-25.06666666,-130.1,🇵🇳,U+1F1F5 U+1F1F3,Ilhas Pitcairn,Ilhas Picárnia,Pitcairneilanden,Pitcairnovo otočje,پیتکرن,Pitcairn,Islas Pitcairn,Îles Pitcairn,ピトケアン,Isole Pitcairn
Poland,POL,PL,48,Warsaw,PLN,zł,.pl,Polska,Europe,Eastern Europe,52.0,20.0,🇵🇱,U+1F1F5 U+1F1F1,Polônia,Polónia,Polen,Poljska,لهستان,Polen,Polonia,Pologne,ポーランド,Polonia
Portugal,PRT,PT,351,Lisbon,EUR,€,.pt,Portugal,Europe,Southern Europe,39.5,-8.0,🇵🇹,U+1F1F5 U+1F1F9,Portugal,Portugal,Portugal,Portugal,پرتغال,Portugal,Portugal,Portugal,ポルトガル,Portogallo
Puerto Rico,PRI,PR,+1-787 and 1-939,San Juan,USD,$,.pr,Puerto Rico,Americas,Caribbean,18.25,-66.5,🇵🇷,U+1F1F5 U+1F1F7,Porto Rico,Porto Rico,Puerto Rico,Portoriko,پورتو ریکو,Puerto Rico,Puerto Rico,Porto Rico,プエルトリコ,Porto Rico
Qatar,QAT,QA,974,Doha,QAR,ق.ر,.qa,قطر,Asia,Western Asia,25.5,51.25,🇶🇦,U+1F1F6 U+1F1E6,Catar,Catar,Qatar,Katar,قطر,Katar,Catar,Qatar,カタール,Qatar
Reunion,REU,RE,262,Saint-Denis,EUR,€,.re,La Réunion,Africa,Eastern Africa,-21.15,55.5,🇷🇪,U+1F1F7 U+1F1EA,Reunião,Reunião,Réunion,Réunion,رئونیون,Réunion,Reunión,Réunion,レユニオン,Riunione
Romania,ROU,RO,40,Bucharest,RON,lei,.ro,România,Europe,Eastern Europe,46.0,25.0,🇷🇴,U+1F1F7 U+1F1F4,Romênia,Roménia,Roemenië,Rumunjska,رومانی,Rumänien,Rumania,Roumanie,ルーマニア,Romania
Russia,RUS,RU,7,Moscow,RUB,₽,.ru,Россия,Europe,Eastern Europe,60.0,100.0,🇷🇺,U+1F1F7 U+1F1FA,Rússia,Rússia,Rusland,Rusija,روسیه,Russland,Rusia,Russie,ロシア連邦,Russia
Rwanda,RWA,RW,250,Kigali,RWF,FRw,.rw,Rwanda,Africa,Eastern Africa,-2.0,30.0,🇷🇼,U+1F1F7 U+1F1FC,Ruanda,Ruanda,Rwanda,Ruanda,رواندا,Ruanda,Ruanda,Rwanda,ルワンダ,Ruanda
Saint Helena,SHN,SH,290,Jamestown,SHP,£,.sh,Saint Helena,Africa,Western Africa,-15.95,-5.7,🇸🇭,U+1F1F8 U+1F1ED,Santa Helena,Santa Helena,Sint-Helena,Sveta Helena,سنت هلنا، اسنشن و تریستان دا کونا,Sankt Helena,Santa Helena,Sainte-Hélène,セントヘレナ・アセンションおよびトリスタンダクーニャ,Sant'Elena
Saint Kitts And Nevis,KNA,KN,+1-869,Basseterre,XCD,$,.kn,Saint Kitts and Nevis,Americas,Caribbean,17.33333333,-62.75,🇰🇳,U+1F1F0 U+1F1F3,São Cristóvão e Neves,São Cristóvão e Neves,Saint Kitts en Nevis,Sveti Kristof i Nevis,سنت کیتس و نویس,St. Kitts und Nevis,San Cristóbal y Nieves,Saint-Christophe-et-Niévès,セントクリストファー・ネイビス,Saint Kitts e Nevis
Saint Lucia,LCA,LC,+1-758,Castries,XCD,$,.lc,Saint Lucia,Americas,Caribbean,13.88333333,-60.96666666,🇱🇨,U+1F1F1 U+1F1E8,Santa Lúcia,Santa Lúcia,Saint Lucia,Sveta Lucija,سنت لوسیا,Saint Lucia,Santa Lucía,Saint-Lucie,セントルシア,Santa Lucia
Saint Pierre and Miquelon,SPM,PM,508,Saint-Pierre,EUR,€,.pm,Saint-Pierre-et-Miquelon,Americas,Northern America,46.83333333,-56.33333333,🇵🇲,U+1F1F5 U+1F1F2,Saint-Pierre e Miquelon,São Pedro e Miquelon,Saint Pierre en Miquelon,Sveti Petar i Mikelon,سن پیر و میکلن,Saint-Pierre und Miquelon,San Pedro y Miquelón,Saint-Pierre-et-Miquelon,サンピエール島・ミクロン島,Saint-Pierre e Miquelon
Saint Vincent And The Grenadines,VCT,VC,+1-784,Kingstown,XCD,$,.vc,Saint Vincent and the Grenadines,Americas,Caribbean,13.25,-61.2,🇻🇨,U+1F1FB U+1F1E8,São Vicente e Granadinas,São Vicente e Granadinas,Saint Vincent en de Grenadines,Sveti Vincent i Grenadini,سنت وینسنت و گرنادین‌ها,Saint Vincent und die Grenadinen,San Vicente y Granadinas,Saint-Vincent-et-les-Grenadines,セントビンセントおよびグレナディーン諸島,Saint Vincent e Grenadine
Saint-Barthelemy,BLM,BL,590,Gustavia,EUR,€,.bl,Saint-Barthélemy,Americas,Caribbean,18.5,-63.41666666,🇧🇱,U+1F1E7 U+1F1F1,São Bartolomeu,São Bartolomeu,Saint Barthélemy,Saint Barthélemy,سن-بارتلمی,Saint-Barthélemy,San Bartolomé,Saint-Barthélemy,サン・バルテルミー,Antille Francesi
Saint-Martin (French part),MAF,MF,590,Marigot,EUR,€,.mf,Saint-Martin,Americas,Caribbean,18.08333333,-63.95,🇲🇫,U+1F1F2 U+1F1EB,Saint Martin,Ilha São Martinho,Saint-Martin,Sveti Martin,سینت مارتن,Saint Martin,Saint Martin,Saint-Martin,サン・マルタン（フランス領）,Saint Martin
Samoa,WSM,WS,685,Apia,WST,SAT,.ws,Samoa,Oceania,Polynesia,-13.58333333,-172.33333333,🇼🇸,U+1F1FC U+1F1F8,Samoa,Samoa,Samoa,Samoa,ساموآ,Samoa,Samoa,Samoa,サモア,Samoa
San Marino,SMR,SM,378,San Marino,EUR,€,.sm,San Marino,Europe,Southern Europe,43.76666666,12.41666666,🇸🇲,U+1F1F8 U+1F1F2,San Marino,São Marinho,San Marino,San Marino,سان مارینو,San Marino,San Marino,Saint-Marin,サンマリノ,San Marino
Sao Tome and Principe,STP,ST,239,Sao Tome,STD,Db,.st,São Tomé e Príncipe,Africa,Middle Africa,1.0,7.0,🇸🇹,U+1F1F8 U+1F1F9,São Tomé e Príncipe,São Tomé e Príncipe,Sao Tomé en Principe,Sveti Toma i Princip,کواترو دو فرویرو,São Tomé und Príncipe,Santo Tomé y Príncipe,Sao Tomé-et-Principe,サントメ・プリンシペ,São Tomé e Príncipe
Saudi Arabia,SAU,SA,966,Riyadh,SAR,﷼,.sa,العربية السعودية,Asia,Western Asia,25.0,45.0,🇸🇦,U+1F1F8 U+1F1E6,Arábia Saudita,Arábia Saudita,Saoedi-Arabië,Saudijska Arabija,عربستان سعودی,Saudi-Arabien,Arabia Saudí,Arabie Saoudite,サウジアラビア,Arabia Saudita
Senegal,SEN,SN,221,Dakar,XOF,CFA,.sn,Sénégal,Africa,Western Africa,14.0,-14.0,🇸🇳,U+1F1F8 U+1F1F3,Senegal,Senegal,Senegal,Senegal,سنگال,Senegal,Senegal,Sénégal,セネガル,Senegal
Serbia,SRB,RS,381,Belgrade,RSD,din,.rs,Србија,Europe,Southern Europe,44.0,21.0,🇷🇸,U+1F1F7 U+1F1F8,Sérvia,Sérvia,Servië,Srbija,صربستان,Serbien,Serbia,Serbie,セルビア,Serbia
Seychelles,SYC,SC,248,Victoria,SCR,SRe,.sc,Seychelles,Africa,Eastern Africa,-4.58333333,55.66666666,🇸🇨,U+1F1F8 U+1F1E8,Seicheles,Seicheles,Seychellen,Sejšeli,سیشل,Seychellen,Seychelles,Seychelles,セーシェル,Seychelles
Sierra Leone,SLE,SL,232,Freetown,SLL,Le,.sl,Sierra Leone,Africa,Western Africa,8.5,-11.5,🇸🇱,U+1F1F8 U+1F1F1,Serra Leoa,Serra Leoa,Sierra Leone,Sijera Leone,سیرالئون,Sierra Leone,Sierra Leone,Sierra Leone,シエラレオネ,Sierra Leone
Singapore,SGP,SG,65,Singapur,SGD,$,.sg,Singapore,Asia,South-Eastern Asia,1.36666666,103.8,🇸🇬,U+1F1F8 U+1F1EC,Singapura,Singapura,Singapore,Singapur,سنگاپور,Singapur,Singapur,Singapour,シンガポール,Singapore
Sint Maarten (Dutch part),SXM,SX,1721,Philipsburg,ANG,ƒ,.sx,Sint Maarten,Americas,Caribbean,18.033333,-63.05,🇸🇽,U+1F1F8 U+1F1FD,Sint Maarten,São Martinho,Sint Maarten,,سینت مارتن,Sint Maarten (niederl. Teil),,Saint Martin (partie néerlandaise),,Saint Martin (parte olandese)
Slovakia,SVK,SK,421,Bratislava,EUR,€,.sk,Slovensko,Europe,Eastern Europe,48.66666666,19.5,🇸🇰,U+1F1F8 U+1F1F0,Eslováquia,Eslováquia,Slowakije,Slovačka,اسلواکی,Slowakei,República Eslovaca,Slovaquie,スロバキア,Slovacchia
Slovenia,SVN,SI,386,Ljubljana,EUR,€,.si,Slovenija,Europe,Southern Europe,46.11666666,14.81666666,🇸🇮,U+1F1F8 U+1F1EE,Eslovênia,Eslovénia,Slovenië,Slovenija,اسلوونی,Slowenien,Eslovenia,Slovénie,スロベニア,Slovenia
Solomon Islands,SLB,SB,677,Honiara,SBD,Si$,.sb,Solomon Islands,Oceania,Melanesia,-8.0,159.0,🇸🇧,U+1F1F8 U+1F1E7,Ilhas Salomão,Ilhas Salomão,Salomonseilanden,Solomonski Otoci,جزایر سلیمان,Salomonen,Islas Salomón,Îles Salomon,ソロモン諸島,Isole Salomone
Somalia,SOM,SO,252,Mogadishu,SOS,Sh.so.,.so,Soomaaliya,Africa,Eastern Africa,10.0,49.0,🇸🇴,U+1F1F8 U+1F1F4,Somália,Somália,Somalië,Somalija,سومالی,Somalia,Somalia,Somalie,ソマリア,Somalia
South Africa,ZAF,ZA,27,Pretoria,ZAR,R,.za,South Africa,Africa,Southern Africa,-29.0,24.0,🇿🇦,U+1F1FF U+1F1E6,República Sul-Africana,República Sul-Africana,Zuid-Afrika,Južnoafrička Republika,آفریقای جنوبی,Republik Südafrika,República de Sudáfrica,Afrique du Sud,南アフリカ,Sud Africa
South Georgia,SGS,GS,,Grytviken,GBP,£,.gs,South Georgia,Americas,South America,-54.5,-37.0,🇬🇸,U+1F1EC U+1F1F8,Ilhas Geórgias do Sul e Sandwich do Sul,Ilhas Geórgia do Sul e Sanduíche do Sul,Zuid-Georgia en Zuidelijke Sandwicheilanden,Južna Georgija i otočje Južni Sandwich,جزایر جورجیای جنوبی و ساندویچ جنوبی,Südgeorgien und die Südlichen Sandwichinseln,Islas Georgias del Sur y Sandwich del Sur,Géorgie du Sud-et-les Îles Sandwich du Sud,サウスジョージア・サウスサンドウィッチ諸島,Georgia del Sud e Isole Sandwich Meridionali
South Sudan,SSD,SS,211,Juba,SSP,£,.ss,South Sudan,Africa,Middle Africa,7.0,30.0,🇸🇸,U+1F1F8 U+1F1F8,Sudão do Sul,Sudão do Sul,Zuid-Soedan,Južni Sudan,سودان جنوبی,Südsudan,Sudán del Sur,Soudan du Sud,南スーダン,Sudan del sud
Spain,ESP,ES,34,Madrid,EUR,€,.es,España,Europe,Southern Europe,40.0,-4.0,🇪🇸,U+1F1EA U+1F1F8,Espanha,Espanha,Spanje,Španjolska,اسپانیا,Spanien,España,Espagne,スペイン,Spagna
Sri Lanka,LKA,LK,94,Colombo,LKR,Rs,.lk,śrī laṃkāva,Asia,Southern Asia,7.0,81.0,🇱🇰,U+1F1F1 U+1F1F0,Sri Lanka,Sri Lanka,Sri Lanka,Šri Lanka,سری‌لانکا,Sri Lanka,Sri Lanka,Sri Lanka,スリランカ,Sri Lanka
Sudan,SDN,SD,249,Khartoum,SDG,.س.ج,.sd,السودان,Africa,Northern Africa,15.0,30.0,🇸🇩,U+1F1F8 U+1F1E9,Sudão,Sudão,Soedan,Sudan,سودان,Sudan,Sudán,Soudan,スーダン,Sudan
Suriname,SUR,SR,597,Paramaribo,SRD,$,.sr,Suriname,Americas,South America,4.0,-56.0,🇸🇷,U+1F1F8 U+1F1F7,Suriname,Suriname,Suriname,Surinam,سورینام,Suriname,Surinam,Surinam,スリナム,Suriname
Svalbard And Jan Mayen Islands,SJM,SJ,47,Longyearbyen,NOK,kr,.sj,Svalbard og Jan Mayen,Europe,Northern Europe,78.0,20.0,🇸🇯,U+1F1F8 U+1F1EF,Svalbard,Svalbard,Svalbard en Jan Mayen,Svalbard i Jan Mayen,سوالبارد و یان ماین,Svalbard und Jan Mayen,Islas Svalbard y Jan Mayen,Svalbard et Jan Mayen,スヴァールバル諸島およびヤンマイエン島,Svalbard e Jan Mayen
Swaziland,SWZ,SZ,268,Mbabane,SZL,E,.sz,Swaziland,Africa,Southern Africa,-26.5,31.5,🇸🇿,U+1F1F8 U+1F1FF,Suazilândia,Suazilândia,Swaziland,Svazi,سوازیلند,Swasiland,Suazilandia,Swaziland,スワジランド,Swaziland
Sweden,SWE,SE,46,Stockholm,SEK,kr,.se,Sverige,Europe,Northern Europe,62.0,15.0,🇸🇪,U+1F1F8 U+1F1EA,Suécia,Suécia,Zweden,Švedska,سوئد,Schweden,Suecia,Suède,スウェーデン,Svezia
Switzerland,CHE,CH,41,Bern,CHF,CHf,.ch,Schweiz,Europe,Western Europe,47.0,8.0,🇨🇭,U+1F1E8 U+1F1ED,Suíça,Suíça,Zwitserland,Švicarska,سوئیس,Schweiz,Suiza,Suisse,スイス,Svizzera
Syria,SYR,SY,963,Damascus,SYP,LS,.sy,سوريا,Asia,Western Asia,35.0,38.0,🇸🇾,U+1F1F8 U+1F1FE,Síria,Síria,Syrië,Sirija,سوریه,Syrien,Siria,Syrie,シリア・アラブ共和国,Siria
Taiwan,TWN,TW,886,Taipei,TWD,$,.tw,臺灣,Asia,Eastern Asia,23.5,121.0,🇹🇼,U+1F1F9 U+1F1FC,Taiwan,Taiwan,Taiwan,Tajvan,تایوان,Taiwan,Taiwán,Taïwan,台湾（中華民国）,Taiwan
Tajikistan,TJK,TJ,992,Dushanbe,TJS,SM,.tj,Тоҷикистон,Asia,Central Asia,39.0,71.0,🇹🇯,U+1F1F9 U+1F1EF,Tajiquistão,Tajiquistão,Tadzjikistan,Tađikistan,تاجیکستان,Tadschikistan,Tayikistán,Tadjikistan,タジキスタン,Tagikistan
Tanzania,TZA,TZ,255,Dodoma,TZS,TSh,.tz,Tanzania,Africa,Eastern Africa,-6.0,35.0,🇹🇿,U+1F1F9 U+1F1FF,Tanzânia,Tanzânia,Tanzania,Tanzanija,تانزانیا,Tansania,Tanzania,Tanzanie,タンザニア,Tanzania
Thailand,THA,TH,66,Bangkok,THB,฿,.th,ประเทศไทย,Asia,South-Eastern Asia,15.0,100.0,🇹🇭,U+1F1F9 U+1F1ED,Tailândia,Tailândia,Thailand,Tajland,تایلند,Thailand,Tailandia,Thaïlande,タイ,Tailandia
Togo,TGO,TG,228,Lome,XOF,CFA,.tg,Togo,Africa,Western Africa,8.0,1.16666666,🇹🇬,U+1F1F9 U+1F1EC,Togo,Togo,Togo,Togo,توگو,Togo,Togo,Togo,トーゴ,Togo
Tokelau,TKL,TK,690,,NZD,$,.tk,Tokelau,Oceania,Polynesia,-9.0,-172.0,🇹🇰,U+1F1F9 U+1F1F0,Tokelau,Toquelau,Tokelau,Tokelau,توکلائو,Tokelau,Islas Tokelau,Tokelau,トケラウ,Isole Tokelau
Tonga,TON,TO,676,Nuku'alofa,TOP,$,.to,Tonga,Oceania,Polynesia,-20.0,-175.0,🇹🇴,U+1F1F9 U+1F1F4,Tonga,Tonga,Tonga,Tonga,تونگا,Tonga,Tonga,Tonga,トンガ,Tonga
Trinidad And Tobago,TTO,TT,+1-868,Port of Spain,TTD,$,.tt,Trinidad and Tobago,Americas,Caribbean,11.0,-61.0,🇹🇹,U+1F1F9 U+1F1F9,Trinidad e Tobago,Trindade e Tobago,Trinidad en Tobago,Trinidad i Tobago,ترینیداد و توباگو,Trinidad und Tobago,Trinidad y Tobago,Trinité et Tobago,トリニダード・トバゴ,Trinidad e Tobago
Tunisia,TUN,TN,216,Tunis,TND,ت.د,.tn,تونس,Africa,Northern Africa,34.0,9.0,🇹🇳,U+1F1F9 U+1F1F3,Tunísia,Tunísia,Tunesië,Tunis,تونس,Tunesien,Túnez,Tunisie,チュニジア,Tunisia
Turkey,TUR,TR,90,Ankara,TRY,₺,.tr,Türkiye,Asia,Western Asia,39.0,35.0,🇹🇷,U+1F1F9 U+1F1F7,Turquia,Turquia,Turkije,Turska,ترکیه,Türkei,Turquía,Turquie,トルコ,Turchia
Turkmenistan,TKM,TM,993,Ashgabat,TMT,T,.tm,Türkmenistan,Asia,Central Asia,40.0,60.0,🇹🇲,U+1F1F9 U+1F1F2,Turcomenistão,Turquemenistão,Turkmenistan,Turkmenistan,ترکمنستان,Turkmenistan,Turkmenistán,Turkménistan,トルクメニスタン,Turkmenistan
Turks And Caicos Islands,TCA,TC,+1-649,Cockburn Town,USD,$,.tc,Turks and Caicos Islands,Americas,Caribbean,21.75,-71.58333333,🇹🇨,U+1F1F9 U+1F1E8,Ilhas Turcas e Caicos,Ilhas Turcas e Caicos,Turks- en Caicoseilanden,Otoci Turks i Caicos,جزایر تورکس و کایکوس,Turks- und Caicosinseln,Islas Turks y Caicos,Îles Turques-et-Caïques,タークス・カイコス諸島,Isole Turks e Caicos
Tuvalu,TUV,TV,688,Funafuti,AUD,$,.tv,Tuvalu,Oceania,Polynesia,-8.0,178.0,🇹🇻,U+1F1F9 U+1F1FB,Tuvalu,Tuvalu,Tuvalu,Tuvalu,تووالو,Tuvalu,Tuvalu,Tuvalu,ツバル,Tuvalu
Uganda,UGA,UG,256,Kampala,UGX,USh,.ug,Uganda,Africa,Eastern Africa,1.0,32.0,🇺🇬,U+1F1FA U+1F1EC,Uganda,Uganda,Oeganda,Uganda,اوگاندا,Uganda,Uganda,Uganda,ウガンダ,Uganda
Ukraine,UKR,UA,380,Kiev,UAH,₴,.ua,Україна,Europe,Eastern Europe,49.0,32.0,🇺🇦,U+1F1FA U+1F1E6,Ucrânia,Ucrânia,Oekraïne,Ukrajina,وکراین,Ukraine,Ucrania,Ukraine,ウクライナ,Ucraina
United Arab Emirates,ARE,AE,971,Abu Dhabi,AED,إ.د,.ae,دولة الإمارات العربية المتحدة,Asia,Western Asia,24.0,54.0,🇦🇪,U+1F1E6 U+1F1EA,Emirados árabes Unidos,Emirados árabes Unidos,Verenigde Arabische Emiraten,Ujedinjeni Arapski Emirati,امارات متحده عربی,Vereinigte Arabische Emirate,Emiratos Árabes Unidos,Émirats arabes unis,アラブ首長国連邦,Emirati Arabi Uniti
United Kingdom,GBR,GB,44,London,GBP,£,.uk,United Kingdom,Europe,Northern Europe,54.0,-2.0,🇬🇧,U+1F1EC U+1F1E7,Reino Unido,Reino Unido,Verenigd Koninkrijk,Ujedinjeno Kraljevstvo,بریتانیای کبیر و ایرلند شمالی,Vereinigtes Königreich,Reino Unido,Royaume-Uni,イギリス,Regno Unito
United States,USA,US,1,Washington,USD,$,.us,United States,Americas,Northern America,38.0,-97.0,🇺🇸,U+1F1FA U+1F1F8,Estados Unidos,Estados Unidos,Verenigde Staten,Sjedinjene Američke Države,ایالات متحده آمریکا,Vereinigte Staaten von Amerika,Estados Unidos,États-Unis,アメリカ合衆国,Stati Uniti D'America
United States Minor Outlying Islands,UMI,UM,1,,USD,$,.us,United States Minor Outlying Islands,Americas,Northern America,0.0,0.0,🇺🇲,U+1F1FA U+1F1F2,Ilhas Menores Distantes dos Estados Unidos,Ilhas Menores Distantes dos Estados Unidos,Kleine afgelegen eilanden van de Verenigde Staten,Mali udaljeni otoci SAD-a,جزایر کوچک حاشیه‌ای ایالات متحده آمریکا,Kleinere Inselbesitzungen der Vereinigten Staaten,Islas Ultramarinas Menores de Estados Unidos,Îles mineures éloignées des États-Unis,合衆国領有小離島,Isole minori esterne degli Stati Uniti d'America
Uruguay,URY,UY,598,Montevideo,UYU,$,.uy,Uruguay,Americas,South America,-33.0,-56.0,🇺🇾,U+1F1FA U+1F1FE,Uruguai,Uruguai,Uruguay,Urugvaj,اروگوئه,Uruguay,Uruguay,Uruguay,ウルグアイ,Uruguay
Uzbekistan,UZB,UZ,998,Tashkent,UZS,лв,.uz,O‘zbekiston,Asia,Central Asia,41.0,64.0,🇺🇿,U+1F1FA U+1F1FF,Uzbequistão,Usbequistão,Oezbekistan,Uzbekistan,ازبکستان,Usbekistan,Uzbekistán,Ouzbékistan,ウズベキスタン,Uzbekistan
Vanuatu,VUT,VU,678,Port Vila,VUV,VT,.vu,Vanuatu,Oceania,Melanesia,-16.0,167.0,🇻🇺,U+1F1FB U+1F1FA,Vanuatu,Vanuatu,Vanuatu,Vanuatu,وانواتو,Vanuatu,Vanuatu,Vanuatu,バヌアツ,Vanuatu
Vatican City State (Holy See),VAT,VA,379,Vatican City,EUR,€,.va,Vaticano,Europe,Southern Europe,41.9,12.45,🇻🇦,U+1F1FB U+1F1E6,Vaticano,Vaticano,Heilige Stoel,Sveta Stolica,سریر مقدس,Heiliger Stuhl,Santa Sede,voir Saint,聖座,Santa Sede
Venezuela,VEN,VE,58,Caracas,VEF,Bs,.ve,Venezuela,Americas,South America,8.0,-66.0,🇻🇪,U+1F1FB U+1F1EA,Venezuela,Venezuela,Venezuela,Venezuela,ونزوئلا,Venezuela,Venezuela,Venezuela,ベネズエラ・ボリバル共和国,Venezuela
Vietnam,VNM,VN,84,Hanoi,VND,₫,.vn,Việt Nam,Asia,South-Eastern Asia,16.16666666,107.83333333,🇻🇳,U+1F1FB U+1F1F3,Vietnã,Vietname,Vietnam,Vijetnam,ویتنام,Vietnam,Vietnam,Viêt Nam,ベトナム,Vietnam
Virgin Islands (British),VGB,VG,+1-284,Road Town,USD,$,.vg,British Virgin Islands,Americas,Caribbean,18.431383,-64.62305,🇻🇬,U+1F1FB U+1F1EC,Ilhas Virgens Britânicas,Ilhas Virgens Britânicas,Britse Maagdeneilanden,Britanski Djevičanski Otoci,جزایر ویرجین بریتانیا,Britische Jungferninseln,Islas Vírgenes del Reino Unido,Îles Vierges britanniques,イギリス領ヴァージン諸島,Isole Vergini Britanniche
Virgin Islands (US),VIR,VI,+1-340,Charlotte Amalie,USD,$,.vi,United States Virgin Islands,Americas,Caribbean,18.34,-64.93,🇻🇮,U+1F1FB U+1F1EE,Ilhas Virgens Americanas,Ilhas Virgens Americanas,Verenigde Staten Maagdeneilanden,,جزایر ویرجین آمریکا,Amerikanische Jungferninseln,Islas Vírgenes de los Estados Unidos,Îles Vierges des États-Unis,アメリカ領ヴァージン諸島,Isole Vergini americane
Wallis And Futuna Islands,WLF,WF,681,Mata Utu,XPF,₣,.wf,Wallis et Futuna,Oceania,Polynesia,-13.3,-176.2,🇼🇫,U+1F1FC U+1F1EB,Wallis e Futuna,Wallis e Futuna,Wallis en Futuna,Wallis i Fortuna,والیس و فوتونا,Wallis und Futuna,Wallis y Futuna,Wallis-et-Futuna,ウォリス・フツナ,Wallis e Futuna
Western Sahara,ESH,EH,212,El-Aaiun,MAD,MAD,.eh,الصحراء الغربية,Africa,Northern Africa,24.5,-13.0,🇪🇭,U+1F1EA U+1F1ED,Saara Ocidental,Saara Ocidental,Westelijke Sahara,Zapadna Sahara,جمهوری دموکراتیک عربی صحرا,Westsahara,Sahara Occidental,Sahara Occidental,西サハラ,Sahara Occidentale
Yemen,YEM,YE,967,Sanaa,YER,﷼,.ye,اليَمَن,Asia,Western Asia,15.0,48.0,🇾🇪,U+1F1FE U+1F1EA,Iêmen,Iémen,Jemen,Jemen,یمن,Jemen,Yemen,Yémen,イエメン,Yemen
Zambia,ZMB,ZM,260,Lusaka,ZMW,ZK,.zm,Zambia,Africa,Eastern Africa,-15.0,30.0,🇿🇲,U+1F1FF U+1F1F2,Zâmbia,Zâmbia,Zambia,Zambija,زامبیا,Sambia,Zambia,Zambie,ザンビア,Zambia
Zimbabwe,ZWE,ZW,263,Harare,ZWL,$,.zw,Zimbabwe,Africa,Eastern Africa,-20.0,30.0,🇿🇼,U+1F1FF U+1F1FC,Zimbabwe,Zimbabué,Zimbabwe,Zimbabve,زیمباوه,Simbabwe,Zimbabue,Zimbabwe,ジンバブエ,Zimbabwe
